{
  "version": 1,
  "trained_at": "2026-07-14T06:45:05.118545+00:00",
  "home_currency": "INR",
  "features": [
    "log_amount",
    "is_foreign",
    "log_amount_x_foreign"
  ],
  "mean": [
    10.3135646162145,
    0.2993,
    3.089526668598359
  ],
  "scale": [
    1.3013483825995846,
    0.45795142755538776,
    4.780679863115196
  ],
  "coef": [
    0.7256467672418617,
    1.6053542178437317,
    -0.5088756893257953
  ],
  "intercept": -0.5624364622231022,
  "block_threshold": 0.5,
  "metrics": {
    "auc": 0.8375,
    "block_precision": 0.3696,
    "block_recall": 0.7735,
    "fraud_rate": 0.1501,
    "n_train": 30000,
    "n_test": 10000
  }
}
